{
	"name": "Node.js & TypeScript",
	"build": {
		"dockerfile": "Dockerfile",
		// Update 'VARIANT' to pick a Node version: 10, 12, 14
		"args": { "VARIANT": "14" }
	},

	// Set *default* container specific settings.json values on container create.
	"settings": { 
		"terminal.integrated.shell.linux": "/bin/bash"
	},

	// Add the IDs of extensions you want installed when the container is created.
	"extensions": [
		"dbaeumer.vscode-eslint",
		"ms-vscode.vscode-typescript-tslint-plugin"
	]

	// Use 'forwardPorts' to make a list of ports inside the container available locally.
	,"forwardPorts": [3000],

	// Use 'postCreateCommand' to run commands after the container is created.
	"postCreateCommand": "yarn install",

	// Uncomment to connect as a non-root user. See https://aka.ms/vscode-remote/containers/non-root.
	// "remoteUser": "node"
}